{
    "/ALEPH_1997_I427131/d02-x01-y02#0": [
        105.1,
        10.02098
    ],
    "/ALEPH_1997_I427131/d02-x01-y02#1": [
        70.13,
        5.793962
    ],
    "/ALEPH_1997_I427131/d02-x01-y02#2": [
        55.04,
        4.443703
    ],
    "/ALEPH_1997_I427131/d02-x01-y02#3": [
        39.63,
        3.133832
    ],
    "/ALEPH_1997_I427131/d02-x01-y02#4": [
        26.67,
        2.103188
    ],
    "/ALEPH_1997_I427131/d02-x01-y02#5": [
        19.88,
        1.51344
    ],
    "/ALEPH_1997_I427131/d02-x01-y02#6": [
        14.15,
        1.0728
    ],
    "/ALEPH_1997_I427131/d02-x01-y02#7": [
        10.51,
        0.8004998
    ],
    "/ALEPH_1997_I427131/d02-x01-y02#8": [
        7.64,
        0.6942622
    ],
    "/ALEPH_1997_I427131/d02-x01-y02#9": [
        5.79,
        0.5239275
    ],
    "/ALEPH_1997_I427131/d02-x01-y02#10": [
        4.47,
        0.4123106
    ],
    "/ALEPH_1997_I427131/d02-x01-y02#11": [
        3.44,
        0.3687818
    ],
    "/ALEPH_1997_I427131/d02-x01-y02#12": [
        2.44,
        0.2668333
    ],
    "/ALEPH_1997_I427131/d02-x01-y02#13": [
        1.88,
        0.2061553
    ],
    "/ALEPH_1997_I427131/d02-x01-y02#14": [
        1.37,
        0.1456022
    ],
    "/ALEPH_1997_I427131/d02-x01-y02#15": [
        0.917,
        0.08381527
    ],
    "/ALEPH_1997_I427131/d02-x01-y02#16": [
        0.62,
        0.0560803
    ],
    "/ALEPH_1997_I427131/d02-x01-y02#17": [
        0.347,
        0.03224903
    ],
    "/ALEPH_1997_I427131/d02-x01-y02#18": [
        0.245,
        0.02687006
    ],
    "/ALEPH_1997_I427131/d02-x01-y02#19": [
        0.153,
        0.01702939
    ],
    "/ALEPH_1997_I427131/d02-x01-y02#20": [
        0.102,
        0.01140175
    ],
    "/ALEPH_1997_I427131/d02-x01-y02#21": [
        0.05,
        0.005830952
    ],
    "/ALEPH_1997_I427131/d02-x01-y02#22": [
        0.008,
        0.002236068
    ],
    "/ALEPH_1997_I427131/d03-x01-y01#0": [
        36.92,
        2.425531
    ],
    "/ALEPH_1997_I427131/d03-x01-y01#1": [
        30.72,
        2.027634
    ],
    "/ALEPH_1997_I427131/d03-x01-y01#2": [
        25.99,
        1.702939
    ],
    "/ALEPH_1997_I427131/d03-x01-y01#3": [
        21.87,
        1.436106
    ],
    "/ALEPH_1997_I427131/d03-x01-y01#4": [
        16.51,
        1.08683
    ],
    "/ALEPH_1997_I427131/d03-x01-y01#5": [
        13.24,
        0.875557
    ],
    "/ALEPH_1997_I427131/d03-x01-y01#6": [
        10.58,
        0.69857
    ],
    "/ALEPH_1997_I427131/d03-x01-y01#7": [
        8.01,
        0.5239275
    ],
    "/ALEPH_1997_I427131/d03-x01-y01#8": [
        6.36,
        0.422019
    ],
    "/ALEPH_1997_I427131/d03-x01-y01#9": [
        5.0,
        0.3298485
    ],
    "/ALEPH_1997_I427131/d03-x01-y01#10": [
        3.28,
        0.2158703
    ],
    "/ALEPH_1997_I427131/d03-x01-y01#11": [
        2.14,
        0.1431782
    ],
    "/ALEPH_1997_I427131/d03-x01-y01#12": [
        1.22,
        0.08246211
    ],
    "/ALEPH_1997_I427131/d03-x01-y01#13": [
        0.801,
        0.05316014
    ],
    "/ALEPH_1997_I427131/d03-x01-y01#14": [
        0.519,
        0.0351141
    ],
    "/ALEPH_1997_I427131/d03-x01-y01#15": [
        0.181,
        0.01236932
    ],
    "/ALEPH_1997_I427131/d03-x01-y01#16": [
        0.039,
        0.003162278
    ],
    "/ALEPH_1997_I427131/d03-x01-y01#17": [
        0.012,
        0.001414214
    ],
    "/ALEPH_1997_I427131/d03-x01-y01#18": [
        0.004,
        0.001414214
    ],
    "/ALEPH_1997_I427131/d04-x01-y01#0": [
        27.79,
        1.8544
    ],
    "/ALEPH_1997_I427131/d04-x01-y01#1": [
        23.75,
        1.582403
    ],
    "/ALEPH_1997_I427131/d04-x01-y01#2": [
        21.93,
        1.453307
    ],
    "/ALEPH_1997_I427131/d04-x01-y01#3": [
        17.37,
        1.155206
    ],
    "/ALEPH_1997_I427131/d04-x01-y01#4": [
        14.42,
        0.9588013
    ],
    "/ALEPH_1997_I427131/d04-x01-y01#5": [
        11.88,
        0.7912016
    ],
    "/ALEPH_1997_I427131/d04-x01-y01#6": [
        9.79,
        0.6580274
    ],
    "/ALEPH_1997_I427131/d04-x01-y01#7": [
        8.75,
        0.5824088
    ],
    "/ALEPH_1997_I427131/d04-x01-y01#8": [
        6.54,
        0.439659
    ],
    "/ALEPH_1997_I427131/d04-x01-y01#9": [
        5.99,
        0.4080441
    ],
    "/ALEPH_1997_I427131/d04-x01-y01#10": [
        4.67,
        0.3080584
    ],
    "/ALEPH_1997_I427131/d04-x01-y01#11": [
        3.34,
        0.2158703
    ],
    "/ALEPH_1997_I427131/d04-x01-y01#12": [
        2.53,
        0.1649242
    ],
    "/ALEPH_1997_I427131/d04-x01-y01#13": [
        1.94,
        0.1264911
    ],
    "/ALEPH_1997_I427131/d04-x01-y01#14": [
        1.57,
        0.1044031
    ],
    "/ALEPH_1997_I427131/d04-x01-y01#15": [
        0.845,
        0.05474486
    ],
    "/ALEPH_1997_I427131/d04-x01-y01#16": [
        0.352,
        0.0235372
    ],
    "/ALEPH_1997_I427131/d04-x01-y01#17": [
        0.173,
        0.01140175
    ],
    "/ALEPH_1997_I427131/d04-x01-y01#18": [
        0.094,
        0.006324555
    ]
}